{"cameraMode":{"drawMode":0,"name":"Shaded","section":"Shading Mode"},"sceneLighting":true,"audioPlay":false,"sceneViewState":{"showFog":true,"showMaterialUpdate":true,"showSkybox":true,"showFlares":true,"showImageEffects":true,"showParticleSystems":true},"in2DMode":false,"pivot":{"x":-3.7785568237304689,"y":-17.338537216186525,"z":25.508922576904298},"rotation":{"x":-0.30825701355934145,"y":0.027961354702711107,"z":-0.009064850397408009,"w":-0.9508489370346069},"size":45.156883239746097,"orthographic":false}