{"cameraMode":{"drawMode":0,"name":"Shaded","section":"Shading Mode"},"sceneLighting":false,"audioPlay":false,"sceneViewState":{"showFog":true,"showMaterialUpdate":true,"showSkybox":true,"showFlares":true,"showImageEffects":true,"showParticleSystems":true},"in2DMode":false,"pivot":{"x":1.010086178779602,"y":-0.35181060433387759,"z":-0.2198117971420288},"rotation":{"x":-0.07642023265361786,"y":-0.012565018609166146,"z":0.0009630651911720634,"w":-0.9969961047172546},"size":2.670752763748169,"orthographic":false}