{"cameraMode":{"drawMode":0,"name":"Shaded","section":"Shading Mode"},"sceneLighting":false,"audioPlay":false,"sceneViewState":{"showFog":true,"showMaterialUpdate":true,"showSkybox":true,"showFlares":true,"showImageEffects":true,"showParticleSystems":true},"in2DMode":false,"pivot":{"x":407.419677734375,"y":232.5065155029297,"z":241.44384765625},"rotation":{"x":0.01993534155189991,"y":0.556531548500061,"z":0.013359311036765576,"w":-0.8304798603057861},"size":635.7962036132813,"orthographic":false}