{"cameraMode":{"drawMode":0,"name":"Shaded","section":"Shading Mode"},"sceneLighting":false,"audioPlay":false,"sceneViewState":{"showFog":true,"showMaterialUpdate":true,"showSkybox":true,"showFlares":true,"showImageEffects":true,"showParticleSystems":true},"in2DMode":false,"pivot":{"x":0.035141706466674808,"y":0.6677246689796448,"z":-0.02251565456390381},"rotation":{"x":-0.09271946549415589,"y":0.9060112833976746,"z":-0.26574400067329409,"w":-0.31611207127571108},"size":5.05013370513916,"orthographic":false}