{"cameraMode":{"drawMode":0,"name":"Shaded","section":"Shading Mode"},"sceneLighting":true,"audioPlay":false,"sceneViewState":{"showFog":true,"showMaterialUpdate":true,"showSkybox":true,"showFlares":true,"showImageEffects":true,"showParticleSystems":true},"in2DMode":false,"pivot":{"x":1.6265864372253419,"y":-3.472179412841797,"z":-20.543668746948243},"rotation":{"x":-0.0015234488528221846,"y":-0.9887195229530335,"z":0.14943146705627442,"w":-0.010079688392579556},"size":66.70392608642578,"orthographic":false}