{"cameraMode":{"drawMode":0,"name":"Shaded","section":"Shading Mode"},"sceneLighting":false,"audioPlay":false,"sceneViewState":{"showFog":true,"showMaterialUpdate":true,"showSkybox":true,"showFlares":true,"showImageEffects":true,"showParticleSystems":true},"in2DMode":false,"pivot":{"x":0.050778452306985858,"y":-0.40550339221954348,"z":-0.006496600806713104},"rotation":{"x":-0.16011402010917664,"y":-0.006813650019466877,"z":0.0011052810586988927,"w":-0.9870743751525879},"size":2.057328701019287,"orthographic":false}