{"cameraMode":{"drawMode":0,"name":"Shaded","section":"Shading Mode"},"sceneLighting":false,"audioPlay":false,"sceneViewState":{"showFog":true,"showMaterialUpdate":true,"showSkybox":true,"showFlares":true,"showImageEffects":true,"showParticleSystems":true},"in2DMode":false,"pivot":{"x":0.035141587257385257,"y":0.6677246689796448,"z":-0.022515535354614259},"rotation":{"x":-0.1348954141139984,"y":-0.005353362299501896,"z":0.0007288482156582177,"w":-0.9908451437950134},"size":5.350133895874023,"orthographic":false}