{"cameraMode":{"drawMode":0,"name":"Shaded","section":"Shading Mode"},"sceneLighting":false,"audioPlay":false,"sceneViewState":{"showFog":true,"showMaterialUpdate":true,"showSkybox":true,"showFlares":true,"showImageEffects":true,"showParticleSystems":true},"in2DMode":false,"pivot":{"x":-0.2224753051996231,"y":1.5321168899536133,"z":7.862889289855957},"rotation":{"x":-0.08419336378574372,"y":0.02002478763461113,"z":-0.0016922291833907366,"w":-0.9962468147277832},"size":3.793423891067505,"orthographic":false}