{"cameraMode":{"drawMode":0,"name":"Shaded","section":"Shading Mode"},"sceneLighting":true,"audioPlay":false,"sceneViewState":{"showFog":true,"showMaterialUpdate":true,"showSkybox":true,"showFlares":true,"showImageEffects":true,"showParticleSystems":true},"in2DMode":false,"pivot":{"x":-1.9142123460769654,"y":-3.658961296081543,"z":15.130439758300782},"rotation":{"x":-0.17194700241088868,"y":-0.006799900438636541,"z":0.0011869613081216813,"w":-0.9850820302963257},"size":42.46816635131836,"orthographic":false}