{"cameraMode":{"drawMode":0,"name":"Shaded","section":"Shading Mode"},"sceneLighting":true,"audioPlay":false,"sceneViewState":{"showFog":true,"showMaterialUpdate":true,"showSkybox":true,"showFlares":true,"showImageEffects":true,"showParticleSystems":true},"in2DMode":false,"pivot":{"x":2.08315372467041,"y":-6.533136367797852,"z":-19.388168334960939},"rotation":{"x":-0.003584533929824829,"y":-0.979110598564148,"z":0.20255739986896516,"w":-0.017326517030596734},"size":34.809486389160159,"orthographic":false}