{"cameraMode":{"drawMode":0,"name":"Shaded","section":"Shading Mode"},"sceneLighting":true,"audioPlay":false,"sceneViewState":{"showFog":true,"showMaterialUpdate":true,"showSkybox":true,"showFlares":true,"showImageEffects":true,"showParticleSystems":true},"in2DMode":false,"pivot":{"x":0.9021450877189636,"y":-0.22839416563510896,"z":30.494077682495118},"rotation":{"x":-0.07938657701015473,"y":-0.02751123160123825,"z":0.002191744511947036,"w":-0.996461808681488},"size":52.69339370727539,"orthographic":false}